id,description
1,"Every Saturday night, Gwangalli Beach transforms into a canvas for a spectacular display of light and technology. The Gwangalli M Drone Light Show paints the sky with dazzling formations synchronized to music. This free, family-friendly public event offers a unique alternative to traditional fireworks, creating unforgettable memories by the sea for locals and tourists alike."
2,"Discover a haven of creativity at the Museum of Contemporary Art Busan. This inspirational, family-friendly space showcases stunning modern art within remarkable architecture. Find intellectual stimulation in its quiet galleries, a perfect indoor cultural attraction. The unique island setting adds a scenic backdrop to an educational and unforgettable artistic journey, offering breathtaking views that inspire as much as the art itself."
3,"Step into a world of architectural wonder at ""Brise-Soleil and Rounded Corners."" This quiet, inspirational exhibition explores the enduring legacy of Art Deco and Modernism in Southeast Asia. A truly cultural and intellectual journey, this family-friendly indoor attraction offers a creative and educational experience for all, showcasing the beautiful fusion of form and function in contemporary design."
4,"Immerse yourself in the world of fine art publishing at 'Steidl Book Culture Magic On Paper.' This free exhibition offers a quiet, reflective journey through contemporary photography and the masterful craftsmanship of art books. Delve into experimental, cross-genre pieces that inspire and challenge, providing a deeply intellectual and creative experience that showcases the cultural depth of modern publishing."
5,"Immerse yourself in the transcendent world of Hilma af Klint's ""Proper Summons."" This thought-provoking exhibition showcases visionary abstract art, blending colorful, symbolic, and spiritual elements. Experience a meditative journey through experimental works that possess profound cultural depth and contemporary relevance. This inspiring and reflective encounter is even more accessible thanks to free admission, offering a unique cultural experience in Busan."
6,"Busan welcomes the awe-inspiring world of Cirque du Soleil's KOOZA. This theatrical production is a colorful and thrilling acrobatic spectacle, paying homage to traditional circus with a playful, modern twist. Prepare for an immersive and emotional journey filled with heart-stopping feats, making it the ultimate family-friendly entertainment for an unforgettable experience."
7,"Experience a dazzling fusion where ancient tradition meets modern creativity at the 8th Yeongnam Dance Festival's 'Dancing LEGO' collaboration. This unique, family-friendly event brings cultural heritage to life with incredible LEGO art depicting traditional dances. Get hands-on with interactive and educational displays, offering a creative twist on Korean culture. Best of all, admission is completely free for this unforgettable artistic celebration."
8,"Immerse yourself in the Sea Art Festival 2025, a dynamic celebration of contemporary outdoor art set against Busan's stunning coastal landscape. This family-friendly event offers an interactive, sensory journey through multidisciplinary installations. Engage with participatory pieces that explore ecological themes, offering a reflective and educational experience for all ages amidst the natural beauty of the coast."
9,"Immerse yourself in the Busan International Photo Festival 2025. This thought-provoking exhibition showcases contemporary photography through experimental and conceptual lenses. Explore powerful visual storytelling that is both educational and deeply reflective. It's a creative and aesthetic journey into the heart of photography, offering a contemplative cultural experience for all art lovers seeking inspiration."
10,"Experience Festival Shiwol 2025, a city-wide celebration in Busan where creativity and culture converge. This diverse, multi-genre event blends music, film, business, and leisure into an immersive, interactive experience. Engage with a vibrant community through experiential activities and unique networking opportunities, spanning both dynamic outdoor and indoor venues across the city, fostering a spirit of creative convergence."
11,"Immerse yourself in the vibrant, cinematic heart of Busan at BIFF Square. This lively cultural hub celebrates Korea's film heritage with artistic flair and a festive atmosphere. Discover nostalgic handprints from movie legends, indulge in delicious street food, and enjoy fantastic shopping. It's an interactive and unforgettable sightseeing experience where community and creativity come alive on every bustling corner."
12,"Experience Shinsegae Centum City, where luxury shopping meets unparalleled entertainment. This family-friendly destination offers more than just global brands and duty-free finds. Unwind at the lavish spa, glide across the ice rink, catch a movie, or enjoy city views from the rooftop park. It’s an all-in-one world of leisure, dining, and fun, perfect for tourists and locals alike."
13,"Soar high above the sparkling ocean on the Songdo Marine Cable Car for an unforgettable outdoor adventure. This family-friendly sightseeing attraction offers a thrilling ride with panoramic, scenic views of Busan's coastline. It's a perfect leisure activity for capturing stunning photographs and making lasting memories as you glide over the water, suspended between sea and sky."
14,"Ascend the iconic Busan Tower, a beloved cultural landmark offering breathtaking panoramic views of the sprawling city skyline. A perfect spot for photography enthusiasts and a family-friendly destination for leisure, it truly comes alive at night. Witness the city transform into a dazzling tapestry of night lights from its observation deck, creating an unforgettable memory of Busan's vibrant energy from above."
15,"Discover Gamcheon Culture Village, a vibrant art village where history and creativity collide. Wander through narrow alleys adorned with colorful murals and local art, set against a stunning backdrop of pastel-colored houses cascading down a coastal hillside. This former community project offers breathtaking scenic views, making it a paradise for photography enthusiasts and a perfect spot for leisurely exploration of Busan's rich cultural heritage."
16,"Embark on a luxurious Busan Yacht Tour and witness the city's stunning skyline from the sea. Choose a romantic sunset cruise or a dazzling night view tour, often complete with fireworks. The scenic vistas offer perfect photography opportunities, making this an unforgettable leisure experience for both couples and groups seeking a unique perspective of Busan's coastal beauty."
17,"Discover Busan's ultimate urban retreat at ClubD Oasis Spa & Water Park. This luxury destination blends thrilling water park fun with serene wellness experiences. Unwind in a traditional jjimjilbang, soak in the sauna, or float in the magnificent infinity pool with its breathtaking ocean views. It’s the perfect family-friendly escape for unparalleled relaxation, offering a unique fusion of excitement and tranquility by the sea."
18,"Step into the surreal world of MUSEUM 1, Busan's premier destination for contemporary digital art. This isn't just a museum; it's a visually striking, immersive journey. Wander through dazzling LED installations and engage your senses with experimental and experiential exhibits that blur the line between art and reality. Prepare for a truly unforgettable sensory adventure into the future of creativity."
19,"Discover a world of ultimate relaxation at Spa Land, a luxurious jjimjilbang that masterfully fuses tradition with modern wellness. Immerse yourself in mineral-rich hot springs and explore a variety of unique, sensory-themed saunas. Experience the delightful contrast between serene indoor spaces and refreshing outdoor foot baths, offering a perfect, family-friendly escape to rejuvenate your body and mind in the heart of Busan."
20,"Soar to new heights at Busan Haeundae X the Sky, where dramatic, panoramic views unfold from within a marvel of modern architecture. This luxurious, high-altitude attraction offers a truly immersive sensory experience, blending captivating media art with stunning coastal scenery. As dusk falls, the city's glittering night lights create a romantic and unforgettable spectacle, making it a premier scenic destination."
21,"Experience Busan from a new perspective aboard the enchanting Haeundae Sky Capsule. This scenic, multi-stop ride offers breathtaking panoramic views where the city's vibrant energy meets the serene ocean. Perfect for a romantic outing or a photography adventure, the immersive journey becomes truly magical as the coastal nightscape comes alive with glittering lights, creating an unforgettable memory of urban and ocean beauty."
22,"Escape to Woodside, an exclusive adults-only lounge where the evening comes alive with sophistication. Discover an impressive selection of fine whiskeys and expertly crafted cocktails as the smooth sounds of live jazz wash over you. This intimate bar, with its captivating live performances, is the perfect destination for a truly memorable night out in Busan."
23,"Step into the timeless elegance of The Old Man, Busan's premier destination for an unforgettable evening. Sip on exquisite whisky or a masterfully crafted cocktail as the smooth sounds of live jazz fill the air. With a refined lounge atmosphere perfect for enjoying cigars or a friendly game of darts, it’s the ultimate night spot for the discerning patron."
24,"Step into the sophisticated world of Chess 154, a premier jazz club where modern décor meets soulful melodies. Perfect for an evening with friends, enjoy captivating live jazz performances while you dine. The premium atmosphere is complemented by an excellent wine selection, making it the ultimate destination for a memorable night filled with great music and company."
25,"Experience the electrifying energy of Get All Right, Busan's premier jazz club. As evening falls, immerse yourself in spectacular musical-style shows and vibrant live performances, all under dazzling dynamic lighting. This high-volume venue is the perfect spot for an unforgettable night, offering incredible drinks and a full dining menu. Get ready for a sensory feast where music and food collide."
26,"Step into Yason and let the soulful sounds of live jazz wash over you. The seductive notes of a sexy saxophone fill the air, creating the perfect backdrop for an unforgettable evening. Gather your friends, enjoy a delicious dinner, and sip on expertly crafted drinks while soaking in the incredible live performances at this intimate club."
27,"As evening descends on Busan, Gwangalli Nam-mae comes alive with the sultry sounds of live jazz. Let the sexy saxophone melodies provide the perfect soundtrack for your dinner. This intimate restaurant offers a sophisticated atmosphere where incredible music and delicious cuisine combine for an unforgettable night out, making it the perfect destination for a memorable evening experience."
28,"Step into Jazzpresso Record Bar, an intimate haven where the warm crackle of vinyl fills the air. Explore a vast collection of jazz records while savoring a curated selection of fine whiskeys and wines. As evening descends, let the soulful melodies of live jazz transport you, creating an unforgettable night of music and atmosphere in the heart of Busan."
29,"Step into Vintage 38, a sprawling multi-level cafe where industrial-chic meets vintage charm. This popular photo-spot boasts a vast space, a cozy beanbag lounge, and an in-house bakery serving delectable desserts. Transition from a relaxed daytime social with coffee to a vibrant evening atmosphere with creative cocktails, making it a perfect hangout from morning until late night."
30,"Discover 버거GEE, Busan's go-to spot for incredible handmade burgers that won't break the bank. Its casual, welcoming vibe makes it a favorite among students and a surprisingly charming date spot. Whether you're dining in or ordering for delivery, prepare for a satisfying meal that perfectly blends quality with affordability. It's a true local gem for burger lovers."
31,"Indulge in Busan's most ""privileged burger"" at Wild & Low, where authentic BBQ flavors meet a trendsetting atmosphere. The hip interior creates a perfect backdrop for a leisurely brunch, and you can even bring your furry friends along. With convenient parking available, this spot offers an effortlessly cool and delicious escape for anyone craving a truly exceptional burger experience."
32,"Savor gourmet burgers with a stunning ocean view at Burger in New York. Watch as your meal is crafted with the freshest ingredients in the vibrant open kitchen. This late-night friendly spot is perfect for enjoying a juicy burger with an expertly selected beer pairing, offering a true taste of New York on the Busan coast."
33,"Indulge in a gourmet burger experience at Life Burger, where a stunning ocean view complements every bite. Witness culinary artistry in the open kitchen as your meal is crafted from the freshest ingredients. Offering perfect beer pairings and staying open for late-night cravings, it's the ideal spot to satisfy your hunger with a view, day or night."
34,"Discover Osteria Abu, where the soul of Italian fine dining meets the heart of Busan's coastline. This celebrated restaurant, translating to 'Fisherman's Osteria,' masterfully crafts exquisite dishes that honor local seafood with authentic Italian techniques. Indulge in a sophisticated culinary journey that captures the essence of the sea, offering a truly unforgettable taste of coastal luxury and tradition."
35,"Discover a charming slice of the Italian countryside at Smith's Farm (스미스씨네농장). This cozy Busan eatery blends rustic warmth with authentic flavors, serving hearty pasta and classic dishes made with farm-to-table passion. It’s a perfect retreat for those seeking a tranquil and delicious escape, offering a genuine taste of Italy in a welcoming, pastoral setting."
36,"Discover Hirema, a sanctuary for high-end sushi enthusiasts seeking an exquisite seafood omakase experience. This elegant, no-kids zone restaurant offers a serene atmosphere to savor meticulously crafted dishes from the freshest seasonal ingredients. Promising an unforgettable culinary journey in Busan, your sophisticated dining experience begins with ease thanks to convenient parking support, ensuring a seamless and memorable visit."
37,"Discover Smugogae, an exclusive Hanwoo beef omakase destination where Korean BBQ becomes an art form. In a quiet, intimate atmosphere, chefs grill premium cuts to perfection as part of a curated set menu. Ideal for special group gatherings, this unforgettable culinary journey requires a reservation, ensuring a truly personal and refined dining experience in Busan."
38,"Experience the artistry of fine Japanese dining at Zero Base, a Michelin-listed gem in Busan. Surrender to an exquisite omakase-only course where the chef masterfully showcases the finest seasonal ingredients. Each dish is a testament to premium presentation, creating an unforgettable culinary journey. Enhance your meal by bringing your favorite bottle, as corkage is graciously allowed at this exclusive destination."
39,"Experience the art of Japanese irori grilling at Euddeum Irori Baratta, a premium omakase destination. Gather around the intimate counter and watch as chefs masterfully prepare the finest seasonal fish over smoldering charcoal. This exclusive journey, from delicate sashimi to expertly grilled courses, highlights authentic flavors and requires a reservation for an unforgettable evening of culinary excellence."
40,"Step into Gwangalli Paldo Market to find a local legend: Suyeong Paldo Halmae Tteokbokki. Famed as one of Busan's top three, this bustling, standing-room-only spot serves pure nostalgia. Dive into their signature large rice cakes smothered in a uniquely thick, sticky red sauce. It's a quick, affordable, and unforgettable taste of authentic Busan street food cherished by locals."
41,"Discover a true Busan landmark at Suyeong Paldo Halmae Tteokbokki, a legendary spot nestled within a bustling traditional market. This no-frills, nostalgic eatery is always crowded with locals seeking its famous spicy and sweet tteokbokki, sundae, and twigim. Offering incredible value and quick service at standing tables, it's the perfect place for an authentic, affordable taste of the city's beloved street food."
42,"Experience the vibrant energy of Haeundae Market at 상국이네, a beloved and always-bustling tteokbokki institution. For decades, they've served generous portions of their famous rice cakes in a signature thick, savory sauce. Pair it with an assortment of crispy twigim and classic sundae for a quintessential Busan street food feast that offers incredible value near the beach."
43,"Discover Yakiya, Seomyeon's beloved izakaya, where an authentic Japanese vibe meets a cozy, intimate setting. Grab a seat at the bar overlooking the open kitchen and savor expertly grilled yakitori, from savory tsukune to rich pork belly. Paired with a refreshing highball, it’s the perfect late-night destination with friends. Be prepared to wait—this popular gem is well worth it for its delicious food."
44,"Near Gwangalli, Chohitsatsu serves authentic Jiro-kei ramen for true enthusiasts. Brave the queue for a seat at the intimate bar and order via kiosk. You'll be rewarded with a massive bowl of thick noodles swimming in a rich pork broth, piled high with tender chashu. It's a satisfying, high-value meal perfect for solo diners seeking a truly filling and authentic Japanese ramen experience."
45,"Nestled in the bustling Jeonpo Cafe Street, Moru Sikdang is a beloved local gem famous for its exquisite Japanese curry. Despite the long waits, crowds flock here for the signature shrimp cream curry and the popular half-and-half option. The sentimental, cute interior makes this small but clean restaurant a photogenic spot perfect for a memorable meal with friends or a special date."
46,"Experience an authentic taste of Japan at Bakudan Gumi, located right by Gwangalli Beach. Savor sizzling okonomiyaki and teppanyaki while enjoying a stunning ocean view. The lively Japanese atmosphere makes this a popular spot for dates or a fun dinner with friends. Pair your meal with a refreshing highball, but expect a wait—this delicious destination is no secret!"
47,"Experience the award-winning Tokyo-style mazesoba at Kanda Soba, a bustling hotspot in Seomyeon. While there's often a line, the quick service and intensely rich flavors of their soupless ramen make the wait worthwhile. Perfect for a solo diner seeking a quick, satisfying meal, you can order easily from a kiosk and enjoy the lively bar-style seating before finishing your bowl with a scoop of rice."
48,"Tucked away in Jeonpo, Manku is a cozy hidden gem beloved by locals for its authentic Japanese cuisine. This small restaurant, with its friendly staff and intimate bar seating, is perfect for dining alone. Immerse yourself in a bowl of ramen with incredibly rich broth or savor a delicious chashu don—a true taste of Japan in the heart of Busan."
49,"Escape to Jeonpo's coziest corner at Gujeugujeu, an intimate Japanese hot pot restaurant perfect for a memorable date night or a warm gathering with friends. Indulge in authentic, premium nabe like sukiyaki and motsunabe, featuring exceptionally high-quality meat. The warm atmosphere and friendly staff complete this delicious experience, for which reservations are highly recommended."
50,"Tucked away in a quiet alley near Busan Station, Deep Coffee Street is a hidden gem with a moody, industrial vibe. Its dark, vintage interior offers a cozy and photogenic atmosphere perfect for dates. Escape the bustle and savor their popular einspänner and signature cream coffee, making it an essential stop for a quiet, intimate cafe experience."
51,"Near Busan Station, discover Kokamome, a popular spot for authentic Japanese mazesoba and abura soba. This small, clean restaurant often has a waiting line, but the experience is worth it. The simple menu, ordered via a self-service kiosk, delivers bowls packed with rich, savory umami flavor, making it a perfect destination for a quick, satisfying meal alone."
52,"Step back in time at Sinbalwon, an iconic institution in Busan's Chinatown serving authentic fare since 1951. This Michelin-recognized gem is famous for its long queues, a testament to its must-try dumplings like gogi and gun mandu. Pair these affordable eats with their unique sweet soy milk for an unforgettable taste of local history, conveniently located near Busan Station."
53,"Indulge in gourmet burgers at 비킹후스 (Vikinghus), where fresh ingredients meet culinary artistry. Gaze out at stunning ocean views as your meal is prepared in the lively open kitchen. Perfect for a late-night craving, each handcrafted burger can be elevated with a thoughtful beer pairing, making it an essential stop for any food lover exploring Busan's vibrant coast."
54,"Tucked away in a quiet Choryang alley near Busan Station, Cafe Icha is a true hidden gem. This beautifully renovated Japanese house offers a cozy, serene atmosphere with its stunning wooden interior. It’s the perfect, photogenic spot to savor authentic desserts like dango and monaka, thoughtfully paired with rich matcha or aromatic hand-drip coffee. A unique and tranquil escape from the city buzz."
55,"Discover Lee Jae-mo Pizza, an iconic Busan institution beloved by locals for generations. Famous for its nostalgic, Korean-style pizza, this spot near Busan Station is legendary for its generous toppings and incredible cheese crust made with premium Imshil cheese. Be prepared for a queue—this casual, family-friendly favorite offers amazing value and is always bustling with happy, cheese-pulling diners."
56,"Near Busan Station, this iconic, long-standing local favorite serves up a nostalgic taste of old-school, Korean-style pizza. Known for its generous toppings, famous cheese crust, and use of quality Imshil cheese, this spot is always bustling. The queue is a testament to its incredible value and casual, family-friendly atmosphere, making it a truly authentic and beloved Busan dining experience."
57,"Discover Daekui in Jeonpo-dong, where premium Duroc pork is grilled to perfection by expert staff right at your table. This luxurious date spot boasts a clean, modern interior and an array of neat side dishes. Savor incredibly juicy and tender cuts like bone-in pork neck and tenderloin, enhanced with a touch of wasabi. Given the popularity and waiting lines, reservations are highly recommended."
58,"Discover Tonseom in Yeongdo, renowned as one of Busan's top three donkatsu destinations. While a long wait is common, the reward is a truly 'life-changing' culinary experience. Their premium black pork katsu features a perfectly crispy coating that encases an explosion of juicy, tender meat. Whether you choose the signature bone-in loin or delicate hire katsu, each bite is a savory revelation worth the hype."
59,"Nestled in Gwangalli, Hecheu is a modern Donkatsu destination worth the wait. Known for its exceptionally thick and juicy pork cutlets, each piece boasts a perfectly crispy exterior and a moist interior. Whether dining alone or on a date, the clean, friendly atmosphere enhances the experience. Be sure to pair your tenderloin or special loin katsu with their signature truffle oil and salt."
60,"Step back in time at Geobugi Geumgo, a Haeundae local favorite radiating a charming retro vibe. Watch as friendly staff expertly grill premium frozen pork belly on a unique cauldron lid right at your table. Renowned for its incredible value and lively atmosphere, this is the perfect spot for authentic Korean BBQ, but be prepared for a queue!"
61,"Discover Donkatsuui Jeongwon, a hidden gem in Millak-dong cherished by locals for its authentic, handmade donkatsu. This friendly, affordable spot offers generous portions of old-style classics, from crispy fish katsu to decadent cheese donkatsu. Perfect for a satisfying family lunch, it’s a welcoming neighborhood favorite that guarantees great value and a heartwarming meal complete with soup and salad."
62,"Discover Middle Notes, a sophisticated bistro where a moody, cozy atmosphere and dim lighting create the perfect setting for an intimate date. This stylish space specializes in natural wines, perfectly paired with a seasonal menu of exquisite pasta, steak, and truffle gnocchi. Due to its intimate size and popularity, reservations are highly recommended for an unforgettable evening in this chic wine bar."
63,"Step into Sarangbang Dasil, a beloved hidden gem where time slows down. This long-running establishment exudes a cozy, nostalgic charm, reminiscent of visiting a grandmother's house. Settle into the warm, retro atmosphere and savor traditional Korean delights like medicinal ssanghwa-cha and grilled injeolmi. It's a quiet, old-fashioned escape cherished by locals for its authentic and comforting vibe."
64,"Discover the charming traces of time at Heunjeok, a cozy Busan café perfect for lingering. Savor the rich aroma of expertly brewed coffee and creamy lattes, perfectly paired with a selection of decadent desserts. Whether you're catching up with friends or seeking a quiet moment, let this delightful spot leave a lasting, sweet impression on your day."
65,"Behind a nondescript black exterior lies 223, a sophisticated speakeasy and hidden gem for connoisseurs. The dark, moody atmosphere creates an intimate sanctuary perfect for quiet conversation or a romantic date. Allow professional bartenders to craft an exquisite classic cocktail or a unique signature creation from their impressive selection of whisky and gin, ensuring an unforgettable, upscale experience."
66,"Discover Niwa Bakery, a cozy Japanese-style cafe with a charming garden theme and warm wooden interior. This popular spot is celebrated for its authentic melon pan and savory shio pan (salt bread), alongside delicious sandwiches and coffee. Its cute, clean atmosphere makes it the perfect place to grab a delightful treat to go or to enjoy a quiet, relaxing moment."
67,"Nestled near Jwadong Market, Hagawon is a beloved, long-standing eatery famed for its deulkkae kalguksu. Locals patiently queue for a taste of the handmade noodles swimming in a uniquely thick and savory perilla seed broth. Complement your hearty bowl with plump kimchi mandu or a crispy seafood pajeon for an authentic, affordable meal that truly captures the local flavor."
68,"Discover a true local favorite, Byeongcheon Sundae Gukbap, serving Busan's best blood sausage soup 24/7. Perfect for a quick, hearty meal or a late-night hangover cure, this affordable spot boasts a deep, rich pork broth with no gamy smell. It's the ultimate comfort food, offering incredible value and a welcoming atmosphere for those dining alone anytime, day or night."
69,"Tucked within the vibrant Jwadong Traditional Market, Sae-bada is a local gem celebrated for its incredible value. Dive into generous platters of exceptionally fresh, seasonal sashimi or a comforting bowl of spicy maeuntang. This bustling, casual spot offers an authentic taste of Busan's seafood culture, perfect for a lively dinner shared with friends over a bottle of soju."
70,"Nestled within the bustling Jwadong Traditional Market, Jagalchi Ggomjangeo offers an authentic taste of a true Busan specialty. Dive into the lively, casual atmosphere and savor grilled hagfish (ggomjangeo), prepared either spicy or salt-grilled. It’s a local favorite for a reason—perfect for a dinner with soju, and be sure to finish with savory bokkeumbap (fried rice) cooked right at your table."
71,"Discover Seuge, a refined izakaya where modern sensibilities meet cozy charm. This popular spot is perfect for an intimate date or a sophisticated dinner with drinks. Indulge in exquisite aged sashimi (sugseonghoe) and creative Japanese dishes like mackerel bo-zushi. The inviting atmosphere, paired with an excellent selection of sake and premium soju, makes for an unforgettable evening in Busan."
72,"Discover Bando Katsu, where premium tonkatsu is the star. Prepare for waiting lines, a testament to their famously crispy and unbelievably juicy pork cutlets. The modern, clean interior is perfect for a satisfying lunch or dinner, whether dining alone or with friends. This popular spot offers exceptional quality and great value, making the wait completely worthwhile."
73,"Tucked away in bustling Nampo-dong, Meokttwaedwae is a no-frills local gem where the sizzle of thick-cut pork belly never stops. Join the lively crowd and let friendly staff expertly grill your meat to perfection. A favorite for its incredible samgyeopsal and comforting stews, this spot is perfect for an authentic dinner with friends and soju. The wait is common, but absolutely worth it."
74,"Immerse yourself in the bustling, smoky atmosphere of Gukje Yang-gopchang, a legendary fixture in Nampo-dong's Gopchang Alley. This beloved pocha-style eatery captures a nostalgic street food vibe, perfect for a lively dinner with friends. Savor plates of sizzling grilled intestines paired with soju for an authentic local experience popular with both residents and tourists near Jagalchi Market."
75,"Discover a local favorite in the heart of Nampo-dong's famous Gopchang Alley. Bokgiri Yang-gopchang offers a nostalgic, pocha-style experience with its bustling, smoky atmosphere. Savor impeccably fresh salt-grilled or marinated intestines, sizzled to perfection. It's the ultimate spot near Jagalchi Market for a lively late-night meal, sharing stories and soju with friends in a truly authentic Busan setting."
76,"Discover Daejeong Yang-gopchang, a Nampo-dong institution always buzzing with energy. Nestled in the famous Gopchang Alley near Jagalchi Market, this popular restaurant serves incredibly fresh grilled intestines. The smoky, pocha-style interior creates a nostalgic vibe perfect for dinner with friends and soju. Join the lively crowd for their assorted platter, but expect a wait at this beloved spot."
77,"Nestled in Nampo-dong's famous Gopchang Alley, this beloved institution captures a nostalgic street-food vibe. Gather with friends in the lively, smoky pocha-style atmosphere and grill marinated intestines over sizzling charcoal. A local favorite for dinner or a late-night snack, the experience is perfected with friendly staff, a special dipping sauce, and a round of soju."
78,"Tucked within the bustling Bupyeong Kkangtong Market, Hwanggeum Dwaeji is a nostalgic, no-frills hidden gem beloved by locals. This legendary spot is famous for its exceptionally high-quality pork, from succulent moksal to classic samgyeopsal. Be prepared to wait, but the incredible value and authentic atmosphere—perfect for grilling meat and sharing soju with friends—are well worth it."
79,"Near Mangmi Station, discover Onbap, a local gem renowned for its authentic Korean home-style meals. This cozy spot serves heartwarming 'jib-bap' featuring classics like kimchi jjigae and jeyuk bokkeum. Despite frequent lines, its incredible value and simple, warm atmosphere make it the perfect place for a satisfying solo lunch that feels just like a meal cooked at home."
80,"Near Gwangalli Beach, discover the retro charm of Yongkangjie, a trendy Taiwanese eatery with a unique Hong Kong vibe. This popular, intimate spot is perfect for a date night or dinner with friends, though be prepared for a wait. Savor authentic, moderately priced dishes like savory beef noodle soup or mapo tofu for a truly memorable culinary escape in Busan."
81,"Escape to Rollmi, a charming Busan cafe where savory meets sweet in the most delightful way. Indulge in unique handrolls, hearty sandwiches on brioche buns, and fresh pasta. Be sure to save room for their decadent tiramisu, creamy mango gelato, or signature French toast. It's the perfect urban oasis for a delicious brunch or sweet afternoon treat."
82,"Discover Ikemens, a gem for ramen lovers seeking an authentic taste of Japan in Busan. This intimate spot boasts a clean, modern interior with an open kitchen and cozy bar seating. Indulge in their specialty, a rich Tori Paitan, or savor classic Shoyu and Shio bowls. While there's often a wait, the delicious, moderately priced ramen is well worth it for a perfect quick meal."
83,"Experience the intense, smoky flavor of straw-fired pork at Hwaluk, a popular spot near Minrak-dong. Known for its unique 'jipbul-gui' technique, expert staff grill succulent pork belly and neck right at your table. This lively, modern restaurant is perfect for groups ready to enjoy a smoky feast with soju, but be prepared for a wait—it's that good."
84,"Discover Hana Chuksan, a bustling butcher restaurant near Dongnae Station beloved by locals for its exceptional value. This casual, no-frills spot is always crowded, serving incredibly fresh, high-quality Hanwoo beef and samgyeopsal at affordable prices. It's the perfect place to gather with friends over grilled meat, hearty doenjang-jjigae, and soju for a lively, authentic dinner."
85,"Step back in time at Huimang Tongdak, a legendary landmark nestled in Dongnae Market. This beloved 'nopo' is famous for its affordable, old-school whole fried chicken, drawing long queues of locals daily. The nostalgic atmosphere makes it the perfect spot to experience authentic 'chimaek' with friends or grab a delicious takeout box of their crispy, golden-fried goodness and savory gizzards."
86,"Step into Bugwang Banjeom, a beloved local ""nopo"" where time seems to stand still. This hole-in-the-wall gem serves up classic Korean-Chinese comfort food without the fuss. Locals flock here for their signature gan-jjajang, topped with a perfect fried egg, and other affordable favorites. It's the ideal spot for a quick, nostalgic, and deeply satisfying meal."
87,"Discover Jaemin Gukbap, a popular spot celebrated for its clean, modern interior and exceptional comfort food. This restaurant specializes in dwaeji-gukbap with a remarkably clear broth and clean taste. Renowned for its generous portions and affordable prices, it's the perfect place for a quick, satisfying meal, whether you're curing a hangover, eating alone, or simply craving authentic Korean soup."
88,"Discover Dongnae Ppoljjim, a beloved local hidden gem perfect for group dining with friends. Dive into generous portions of their signature spicy steamed cod cheeks, smothered in an addictive sweet and spicy sauce with crisp bean sprouts. The meal isn't complete without soju and the essential finale: savory bokkeumbap, a delicious fried rice made with the rich, leftover sauce."
89,"Escape to Noi, a dessert sanctuary nestled on Jeonpo Cafe Street. This popular spot charms visitors with its vintage European interior and warm, cozy lighting, creating a perfect photo opportunity. Renowned for its silky-smooth custard, matcha, and chocolate puddings, it's an ideal retreat for a quiet date or a sweet afternoon with friends. The friendly staff and delightful treats make the potential wait worthwhile."
90,"Discover 라르게토, a cozy hidden gem on Mangnidan-gil, where authentic Italian flavors come to life. Indulge in exquisite handmade pasta, from rich ragu to classic cacio e pepe, all prepared in a lively open kitchen. The romantic atmosphere and attentive service make it the perfect spot for a special date night. Reservations are highly recommended for this popular destination."
91,"Discover Le Laboratorio in Jeonpo, a chic sanctuary for true coffee lovers. Within its minimalist, gallery-like interior, professional baristas expertly prepare aromatic hand-drip coffee. The calm atmosphere, complemented by good music, creates a perfect backdrop for savoring delicate madeleines. It's an ideal, quiet spot to appreciate exceptional coffee and capture a beautiful photo."
92,"Just steps from Gwangalli Beach, Corning Creamery is a popular, modern dessert spot you can't miss. Be prepared for a line, a testament to their incredible handmade gelato with unique seasonal flavors like corn cheese and creamy rice. Offering amazing value, it’s the perfect affordable treat to grab for a walk along the shore after a day in the sun."
93,"Discover a taste of Australia on Busan's trendy Haeridan-gil at Oji Table. This bright, modern, and spacious cafe is a photo-worthy spot famous for its authentic brunch. Indulge in classics like eggs benedict or a hearty big breakfast, paired with a perfect flat white. It’s the ideal destination for a popular weekend lunch with family, offering a vibrant and welcoming atmosphere."
94,"Step back in time at Gukhyang Dabang, a hidden gem tucked away on the 2nd floor near Busan Station. This beloved local teahouse envelops you in a nostalgic, 70s retro vibe with its dark wood interior. Experience the authentic taste of old Korea by trying their famous Ssanghwa-cha, a traditional herbal tea uniquely served with a raw egg yolk for a truly memorable visit."
95,"Breathe in the rich aroma of freshly roasted beans at Cafe Epeut, a cozy haven near Gwangalli Beach. This local gem, with its warm wood interior and abundant natural light, is perfect for quiet moments. Savor expertly crafted hand-drip coffee, a signature einspanner, or a delightful croffle. The friendly, welcoming atmosphere makes it an ideal spot to unwind with a good book."
96,"Ascend to 얼룩 (Eolluk), a chic second-floor sanctuary tucked away on Jeonpo Cafe Street. This trendy hideaway exudes a calm, gallery-like vibe with its minimalist, artistic interior. Capture the perfect shot while savoring their unique signature items, like the striking black cheese cake and Eolluk coffee. It's a modern, quiet space ideal for those seeking an instagrammable and creative escape."
97,"Tucked away near Pusan National University, Cafe Aritee is a student's haven. This cozy, quiet spot with its cute, vintage interior is perfect for studying or indulging in their famous handmade desserts. From delectable scones to delicate dacquoise and rich cakes, this cafe's homey vibe and friendly staff make it an irresistible, charming retreat from the bustling campus life."
98,"Escape into the moody, chic atmosphere of Tenants Coffee Bar, a hidden gem in Jeonpo. This intimate, modern space transitions seamlessly from a specialty espresso bar by day to a sophisticated spot for whiskey and highballs by night. With its dark interior and unique vibe, it's the perfect late-night destination to savor an expertly crafted cream coffee or a classic cocktail."
99,"Escape to Jisang-ui Jumin-deul, a roastery cafe in Mangmi-dong where tranquility resides. The minimalist interior, a blend of concrete and wood, creates a serene, meditative space perfect for focus. Savor exquisite single-origin drip coffee, specialty brews, or a delicate matcha terrine. This calm haven is a true sanctuary for dedicated coffee lovers seeking a moment of peace and a perfect cup."
100,"Step into a cinematic scene at Monsieur BuBu Coffee Stand, a vintage gem tucked away in Busan's old downtown. This cozy space, filled with antique furniture, radiates a moody, European vibe perfect for photos. Though its popularity often means a wait, the signature Viennese coffee and rich handmade pudding offer a truly rewarding and unforgettable experience."
101,"Tucked away near Bansong Market, Woncho Seokdae Chueotang is a beloved hidden gem cherished by locals for its authentic, nourishing chueotang. This humble restaurant serves a hearty loach soup with an incredibly thick, rich broth, providing a true taste of Korean comfort. It's an affordable, old-school spot perfect for a deeply satisfying meal that revitalizes the body and soul."
102,"Discover a true Busan gem tucked inside the bustling Bujeon Market. This legendary, no-frills eatery is a local favorite, famed for its authentic and spicy sugure-gukbap. The hearty beef scrap soup, brimming with seonji and bean sprouts, offers a nostalgic taste of the city—a quick, affordable, and deeply satisfying meal that serves as the perfect hangover cure for locals and visitors alike."
103,"Conveniently located near Gwangan Station, Jomaru Gamjatang is a spacious and reliable 24-hour spot perfect for any occasion. This family-friendly franchise is beloved for its rich and hearty pork back-bone stew (gamjatang), a classic comfort food. It's an ideal choice for a casual group dinner with friends, a late-night meal with soju, or whenever you crave a satisfying, moderately priced Korean stew."
104,"A Busan culinary landmark since 1970, Geumsu Bokguk is the definitive destination for pufferfish soup. Situated near Haeundae Beach, this bustling 24-hour eatery is a favorite of locals and tourists seeking a healthy, restorative meal. In its clean, modern interior, savor the iconic bokguk—a perfect hangover cure or a unique taste of Busan's renowned cuisine."
105,"Discover Baro Haejang, a modern and popular Korean restaurant known for its exceptional hangover soups. Step into the clean, bright interior and savor a hearty bowl of their signature seonji-haejangguk or naejangtang, both featuring a rich broth and generous portions. With friendly staff and quick service, it's the perfect spot for a satisfying lunch or solo meal that offers incredible value."
106,"Nestled in the Mipo area with stunning ocean views, Park Ok-hee Halmae Jib Wonjo Bokguk is a long-standing Busan institution. As the original master of pufferfish soup, this 24-hour local favorite serves an authentic, home-style bok-jiri, renowned as the ultimate hangover cure. Experience the true taste of Busan with their famous, clear and refreshing soup, a beloved tradition for generations."
107,"Tucked away in an alley on Jeonpo Cafe Street, 넷넷 is a minimalist, Japanese-style gem. This hip, cozy spot is perfect for a date or a quiet break with friends. Savor delicate financiers and expertly brewed drip coffee under moody lighting. With its unique, instagrammable interior and friendly staff, this small space offers a truly trendy and memorable coffee experience near Jeonpo station."
108,"Tucked away on the second floor of Jeonpo Cafe Street, Mosoo is a nostalgic, Ghibli-inspired haven. This cozy prop shop cafe is a treasure trove of cute character goods, stickers, and stationery. Sip on a sweet melon soda while surrounded by a colorful, vintage interior, making it the perfect instagrammable spot to discover unique trinkets and relive cherished memories with friends."
109,"Tucked away on the second floor of Jeonpo Cafe Street, Day of Week is a cozy, home-like haven. The warm, vintage wood interior creates the perfect quiet spot to relax with a book and some delicious handmade pudding. Enjoy their signature caramel or matcha pudding alongside a fragrant drip coffee in this sunny, welcoming space with friendly staff."
110,"Escape the bustle of the university area and find your focus at TEJE, a tranquil second-floor cafe near PNU. This spacious retreat features a minimalist interior with calming white and wood tones, perfect for studying or quiet conversation. Indulge in high-quality desserts like their famous Basque cheesecake and rich gateau, complemented by aromatic drip coffee, and enjoy a truly relaxing and productive afternoon."
111,"Step into the world of Naruto at 나뭇잎마을, a cozy tonkatsu haven near Gwanganli Beach. This beloved local spot is famous for its crispy cheese katsu and classic sirloin tonkatsu. The charming, anime-themed interior and quick, friendly service make it the perfect destination for fans and foodies, whether you're dining alone or with friends after a day at the beach."
112,"Discover E&D Studio, a hidden gem tucked away in a quiet residential alley near Gwangan Station. This stylish, minimalist space functions as both a design studio and a cafe. Browse a curated selection of posters, mugs, and other goods in a clean, gallery-like atmosphere while enjoying delicious croffles and specialty coffee. It's the perfect serene escape for design lovers seeking a quiet, instagrammable spot."
113,"Discover Aegyeon Cafe PPP, a spacious and impeccably clean haven for dogs and owners near Suyeong Station. This isn't just a cafe; it's an all-in-one pet paradise featuring a playground with non-slip flooring, daycare, and grooming services. With a separate area for small dogs and wonderfully friendly staff, it's the perfect urban retreat for your beloved companion to play and socialize safely."
114,"Discover Cozy Mozy, Busan's premier dog cafe and daycare conveniently located near Geumnyeonsan Station. Our professional, caring staff provide meticulous care in a safe and structured environment. From hotel stays and grooming to specialized puppy socialization training in small groups, every detail is designed for your pet's well-being. Owners can enjoy complete peace of mind with dedicated CCTV access, ensuring their furry friend is always happy."
115,"Perched on scenic Dalmaji Hill, Aecoland is a chic dog cafe where furry friends and their humans can unwind. This bright, spacious spot boasts a modern interior, a rooftop playground, and breathtaking ocean views. Sip coffee, enjoy delicious desserts, and capture picture-perfect moments in the many instagrammable photo zones. It's the ultimate relaxing escape with a beautiful vista."
116,"Discover Kongee Land, the ultimate one-stop paradise for your furry friend near Jangsan Station. This pet complex is a haven, offering a dog cafe, daycare, professional grooming, and a luxurious no-cage hotel. With a caring staff, a spacious play area, and clean facilities, you can trust that your beloved companion is safe, happy, and receiving the very best care."
117,"Near scenic Gwanganli Beach, Mayonnaise Dog Kindergarten offers a premier daycare and hotel experience for your pet. Professional trainers lead a structured curriculum focusing on socialization and behavior correction in a safe, caring environment. Owners enjoy peace of mind with daily reports and a convenient pickup service, ensuring your furry friend receives unparalleled educational care while they play and learn."
118,"Escape to Dogmin, a premier dog cafe right on the Gwangalli Beachfront. This spacious, popular spot offers breathtaking views of the ocean and Gwangan Bridge from its clean interior and rooftop. While you relax with coffee and dessert, your furry companion can enjoy the playground, hotel, or grooming services. It's an instagrammable haven, perfect for creating unforgettable memories with your pet."
119,"Perched above bustling Jeonpo Cafe Street, Meong-rooftop is a chic dog cafe where style meets puppy playtime. Capture stunning city views from the rooftop playground, an instagrammable paradise for you and your pet. With designated play zones, a trendy interior, and delicious signature drinks, it's the perfect Seomyeon spot to sip, socialize, and snap unforgettable photos with your furry friend."
121,"Escape to Cat Cafe PPP Pet Station Branch, a spacious and impeccably clean haven for animal lovers near Suyeong Station. Mingle with dozens of friendly, active cats from various breeds in a refreshingly odor-free environment. Perfect for a healing date or a fun family outing, your admission includes a drink. Don't miss the chance to participate in the snack feeding experience!"
122,"Escape the city bustle at Jipsa-ui Haru, a pristine and modern cat cafe in the heart of Seomyeon. Home to incredibly gentle and affectionate lap cats, this well-managed sanctuary offers a truly healing experience. The friendly staff, cozy atmosphere, and available board games make it the perfect urban oasis for a memorable date or a relaxing afternoon just steps from Seomyeon Station."
123,"Step into a fairy tale at Brooks Castle Busan, a luxurious cat cafe conveniently located in Nampo-dong's Y'z Park. This premium, castle-themed sanctuary features stunning interiors and numerous Instagrammable photo zones, perfect for a unique date. Mingle with friendly, rare cat breeds while enjoying high-quality drinks in an impeccably clean and enchanting atmosphere. A truly magical escape for cat lovers."
124,"Escape to 4233 Maum Center, a serene psychology cafe with a stunning Gwangan-ri ocean view. This cozy, private sanctuary offers a unique date experience for couples and friends. Engage in healing tea therapy, take an insightful psychological test, or simply meditate while gazing at the waves. It's the perfect moody cafe for deep connection, relaxation, and finding inner peace by the sea."
125,"Experience the pinnacle of luxury at Cine de Chef Centum City, where fine dining meets cinematic excellence. Settle into a plush Tempur bed while savoring an exquisite course meal with steak and expert wine pairings. This upscale venue boasts a romantic atmosphere and stunning views, making it the ultimate destination for an unforgettable anniversary or a truly special date night."
126,"Escape into a world of feline fun at the unique cat cafe located within Hill Spa in Nampo-dong. This clean, well-maintained haven is perfect for a relaxing jjimjilbang date or a family-friendly adventure. Mingle with adorable cats, enjoy an included drink, and purchase treats for extra interaction—an unforgettable indoor experience for kids and couples alike."
127,"Step into a world of breathtaking media art at Arte Museum Busan, a must-visit destination on Yeongdo island. This spectacular museum offers an immersive sensory experience perfect for any occasion. Capture stunning photos in mesmerizing exhibition zones, making it an ideal indoor spot for couples, friends, and families, especially on a rainy day. Don't miss the unique tea bar to complete your grand artistic journey."
128,"Discover a world of maritime wonders at the National Maritime Museum on Yeongdo. Perfect for a family outing, this expansive, free-admission venue boasts a fascinating aquarium with turtle feeding, hands-on activities, and stunning ocean views. It’s an educational and engaging indoor adventure for all ages, offering captivating exhibitions that bring the ocean's history and science to life for everyone."
129,"Discover more than just a showroom at IKEA Busan, a bustling destination for family fun and affordable dining. After exploring the displays, refuel at their famous restaurant with classic Swedish meatballs, kimchi fried rice, or a pork cutlet. It’s a complete, budget-friendly outing, perfectly capped off with a signature hot dog and soft serve ice cream after your shopping adventure."
130,"Catch a perfect wave any day of the year at Starflow, Busan's premier indoor surfing destination near Gwangan-ri. This unique, all-season activity is perfect for an energetic date or a fun day out with friends. Absolutely beginner-friendly, Starflow offers lessons and all the rental gear you need to experience the thrill of surfing in a safe and exciting environment."
131,"Ascend to the 100th floor of the Haeundae LCT Landmark Tower to experience Busan X the SKY, the city's premier observatory. Witness breathtaking panoramic views of Haeundae Beach and the Gwangan Bridge by day, and a spectacular city light show by night. For a true thrill, dare to step onto the glass-floored Sky Walk, offering an unforgettable perspective high above the bustling city."
132,"Discover a treasure trove of unique fashion at Vintage Museum, a curated select shop nestled inside the trendy Millac the Market by Gwangalli Beach. This popular spot boasts an impressive collection of American vintage clothing, unique accessories, and second-hand gems. With its hip atmosphere and stylish photo zones, it's the perfect place to find a one-of-a-kind piece."
133,"Escape to your own private cinema near Haeundae beach. Settle into cozy reclining chairs or bean bags and binge-watch Netflix or Disney+ on a massive screen with a high-quality sound system. Perfect for a romantic date night or a fun outing with friends, you can even bring your own food for the ultimate personalized movie experience."
134,"Escape into your own private cinematic world at Copenhotel Ott Cinema. Tucked within the Copenhotel, this cozy retreat is perfect for a romantic date or a relaxing staycation. Book by the hour and sink into a comfortable sofa in front of a large screen with superior sound. With its clean, modern design and private atmosphere, it's the ultimate spot to enjoy Netflix in style."
135,"Step into a world of vibrant neon lights and pulsating music at BAM'S Gwangalli, a trendy rock bowling alley with a club-like vibe. Located near Gwangalli Beach in the Kent Hotel basement, it's the perfect spot for a fun night out. Enjoy cocktails, beer, and pizza while you bowl, making it ideal for energetic groups and date nights."
136,"Step into a futuristic battleground at Laser Arena, just steps from Gwangalli Beach! This thrilling indoor activity immerses you in a blacklight arena aglow with vibrant neon lights. Perfect for team building, an active date, or family fun, this exciting survival game offers a fantastic way to relieve stress and create unforgettable memories. It's an action-packed adventure for all ages!"
137,"Discover the newly built Busan Concert Hall, a modern architectural gem nestled within serene Citizens Park. Home to the Busan Philharmonic Orchestra, this cultural space boasts world-class acoustics and spacious seating for an unforgettable live performance. With its clean, new facilities and available parking, it's the perfect destination for a sophisticated date night or a memorable family outing into the world of classical music."
138,"Discover the thrill of indoor bouldering at Wave Rock Climbing, conveniently located near Seomyeon station. Perfect for all levels, from beginners seeking a one-day class to seasoned climbers. With friendly instructors and pristine facilities, it's an ideal spot for a great workout, a new hobby, or a unique date. Grab your friends and conquer new heights together in this exciting urban gym!"
139,"Challenge yourself at Wave Rock Climbing, where indoor bouldering meets spectacular ocean vistas. Conquer dynamic routes in this new, spacious gym while the iconic Gwangandaegyo Bridge and Gwangalli Beach unfold before you. Perfect for an unforgettable date or an active outing with friends, this clean, Instagram-worthy spot welcomes climbers of all skill levels for a truly exhilarating experience."
140,"Discover a vinyl paradise with a stunning ocean view at Music Complex Busan. Browse a massive LP library and play your favorite records on a personal turntable with headphones. This stylish listening bar, located in Misik Ilssang, offers everything from coffee to cocktails, making it the perfect date spot for a unique, immersive, and atmospheric musical escape."
141,"Discover a Mediterranean escape at Lotte Premium Outlet Dongbusan. This spacious, Santorini-themed village by the sea offers fantastic discounts on designer brands. Capture perfect photos by the iconic lighthouse before exploring its family-friendly attractions and diverse culinary options, from cozy cafes to a bustling food court. It's an ideal destination for a day of shopping, dining, and scenic relaxation for the whole family."
142,"Experience endless fun at Lotte World Adventure Busan, a magical outdoor theme park perfect for everyone. Feel the rush on thrilling rollercoasters like the Giant Digger or soar high on the Giant Swing. Don't miss the spectacular parades and capture enchanting photos in front of Lorry Castle. It's the ultimate destination for an exciting family day out or a memorable date."
143,"Experience authentic kamameshi at The Gama, a modern Japanese restaurant boasting stunning ocean views. Savor healthy, delicious pot rice crafted with the freshest ingredients, featuring abalone and eel specialties. Its clean, contemporary interior and excellent value make it a perfect choice for a memorable family dinner. This popular spot often has a waiting list, a testament to its incredible quality."
144,"Escape to Tideaway Pool Villa, a luxurious oceanfront sanctuary where privacy meets premium comfort. Unwind in your stunning private infinity pool with breathtaking ocean views, or soothe your senses in the spa's Jacuzzi. With its clean, modern interiors and intimate atmosphere, it's the perfect romantic getaway for couples seeking an unforgettable, healing retreat in Busan."
145,"Perched on the 38th floor, this luxurious rooftop bar offers breathtaking panoramic views of Haeundae's ocean and the iconic Gwangan Bridge. Its stylish, modern interior creates a quiet, romantic atmosphere perfect for a special date night. Sip on premium cocktails or fine wine while soaking in the stunning night view, creating an unforgettable, upscale experience. Reservations are highly recommended."
146,"Discover an exclusive, luxurious escape at the Believe Paragraph Infinity Pool, a stunning rooftop oasis. Gaze upon breathtaking, uninterrupted views of the ocean and Haeundae Beach from the pristine, modern waters. Ideal for couples, this premium amenity offers a relaxing retreat with plush sunbeds and private cabanas, creating the perfect photo zone for an unforgettable experience high above the city."
147,"Tucked away near Haeundae beach, Overflow (오버플로우) is an intimate hidden gem for discerning drinkers. Settle into the dark, moody atmosphere as the friendly, knowledgeable bartenders craft classic and signature cocktails. With a curated soundtrack of jazz and soul spinning on vinyl, this LP bar is a perfect sanctuary for a date, a solo escape, or a quiet evening with friends."
148,"Experience affordable luxury at Baymond Hotel, perfectly located steps from Haeundae Beach and a vibrant traditional market. Unwind in pristine, modern rooms before taking a dip in the breathtaking rooftop infinity pool with its spectacular ocean views. Praised for its friendly staff and excellent value, it’s the ultimate urban escape for couples, families, and anyone seeking a refreshing staycation in the heart of Busan."
149,"Perched on the scenic Dongbaekseom Island, the Nurimaru APEC House is a stunning architectural marvel and historical landmark. Once the site of the APEC summit, it now offers visitors a glimpse into history alongside breathtaking ocean and Gwangan Bridge views. Enjoy a relaxing walk along the surrounding trails at this well-maintained, free-admission attraction—a truly must-visit photo spot in Busan for all ages."
150,"Discover Coco Plato, a chic pet-friendly restaurant nestled in Busan's vibrant Marine City. Indulge in exquisite Italian cuisine, from brunch pasta to savory steak and wine, while your furry friend enjoys their own special menu. With its modern interior and lovely terrace seating, it's the perfect spot for a memorable date or a delightful meal with your beloved pet."
151,"Discover Busan's own award-winning Momos Coffee, a haven for true coffee aficionados. This famous local brand delights with specialty hand-drip brews from single-origin beans. Housed in a clean, minimalist interior, it’s the perfect spot to savor an exquisite latte alongside a delicious pastry. Though popular and often bustling, it's an essential stop for an authentic taste of Busan's celebrated coffee culture."
152,"Discover the authentic heart of Busan at Millak Port (민락항), a lively harbor buzzing with fishing boats and local energy. Choose your own live seafood at the famous Millak Raw Fish Center and enjoy it as fresh sashimi at a seaside 'chojangjib'. As night falls, the stunning views of Gwangan Bridge create an unforgettable backdrop for dining, drinking, and soaking up the vibrant atmosphere."
153,"Escape to Millak Park, a tranquil seaside oasis nestled near Millak Port. Stroll along the scenic coastal path, breathing in the fresh ocean air as you admire breathtaking views of the Gwangan Bridge. It's the perfect spot for a quiet walk, a relaxing picnic on the grass, or simply soaking in the spectacular, illuminated night scenery from one of the many benches."
154,"Escape the urban hustle at Busan Citizens Park, a sprawling green oasis transformed from a former military base. This beautifully landscaped haven offers serene walking trails, lush gardens, and tranquil ponds. Perfect for a family picnic, a romantic stroll, or a moment of peaceful reflection, its spacious grounds provide a refreshing dose of nature right in the heart of the city."
155,"Escape to the tranquility of Hwaji Park, a peaceful neighborhood oasis known for its stunning lotus pond. In summer, the water is blanketed with vibrant lotus flowers, creating a breathtaking scene. Enjoy a relaxing walk along the quiet trails, rest in the traditional pavilion, or visit the nearby Jeonggongdan Altar historical site. It's the perfect spot for a short, serene retreat from city life."
156,"Discover an exclusive aquatic escape at Real Swim Academy x SKY ISLAND, a premium rooftop infinity pool in Marine City. Offering breathtaking ocean and city views, this luxurious, modern facility provides a resort-like experience. Perfect for adults and kids alike, it combines high-end amenities with professional swimming instruction for an unparalleled experience in the heart of Haeundae."
157,"Escape to Yongdusan Park, an urban oasis centrally located in bustling Nampo-dong. Ascend the iconic Busan Tower for breathtaking panoramic views of the city skyline and bustling port, which are especially stunning at night. This historic landmark, easily accessed via escalators, also features the majestic statue of Admiral Yi Sun-sin, making it a beloved spot for tourists and locals alike to enjoy."
158,"Immerse yourself in Busan's electric atmosphere at Sajik Sports Complex, the iconic home of the Lotte Giants. Experience the passion of KBO league baseball, where fervent fans and a unique cheering culture create an unforgettable spectacle. Grab some classic chicken and beer and feel the roar of the crowd at a thrilling game or a massive concert in this legendary venue."
159,"Overlooking the dazzling Gwangalli Beach, Clam serves authentic Spanish tapas from a lively open kitchen. Savor classics like gambas al ajillo and paella, perfectly paired with wine or sangria. With its romantic atmosphere and stunning ocean views from the terrace, it's a popular, unforgettable spot for a date night, offering one of the best night views in Busan."
160,"Escape to Lounge Illeong, a stunning rooftop cafe and bar where panoramic ocean views and the magnificent Busan Port Bridge create an unforgettable backdrop. Sip on artisan coffee or a refreshing cocktail as you witness a breathtaking sunset from its spacious, modern interior. With picture-perfect photo zones, it’s the ideal spot for a relaxing date or a healing escape from the city bustle."
161,"Discover The Bay 101, a must-visit landmark in Haeundae. This lively, premium restaurant complex offers breathtaking oceanfront views of the Marine City skyline, especially at night. Enjoy famous fish and chips with a cold beer on the outdoor seating. While it can be crowded, the stunning night view makes it an unforgettable photo zone and a quintessential Busan experience."
162,"Discover Augusta, a hidden gem and local favorite known for its quiet, cozy atmosphere. This minimalist cafe is the perfect spot to work or read while savoring expertly made hand-drip specialty coffee and signature einspanners. Don't miss their delicious croffles and desserts, all served by exceptionally friendly staff who make every visit a pleasure."
163,"Discover Piripiri, a cozy hidden gem in Busan serving authentic Swahili cuisine. Embark on a flavorful journey with their signature spicy piri piri chicken, fragrant coconut rice, and handmade chapati. This small restaurant offers an exotic and unique escape for your taste buds, but be sure to make reservations to secure your spot for this culinary adventure."
164,"Tucked away in Gwanganli without a sign, this hidden speakeasy offers an escape into a world of secrets. The moody, intimate atmosphere, with its dark, alluring lighting, is perfect for quiet conversations and romantic dates. Sip on unique, masterfully crafted cocktails or select a fine whiskey. To secure your spot in this clandestine gem, reservations are highly recommended."
165,"Experience a slice of Australia at 88 Phillip Street, Busan's beloved brunch destination. This bright, minimalist cafe serves exceptional specialty coffee, from authentic flat whites to rich long blacks. Indulge in a classic brekkie plate or avocado toast in a clean, pet-friendly space. The friendly staff and delicious food make the frequent wait entirely worthwhile for a perfect start to your day."
166,"Tucked away in a quiet Suyeong alley, Goof Records is a moody, intimate LP bar perfect for a date or a late-night second round. Immerse yourself in the dark, stylish interior as the friendly staff spins a curated selection of soul, funk, and city pop on vinyl. Sip a classic cocktail or whiskey and discover your next favorite song in this cool, hidden gem."
167,"Ascend to the fourth floor on Jeonpo Cafe Street to discover Yeollamsil, a serene sanctuary for focus and calm. Bathed in natural light, its clean, minimalist interior creates a cozy and warm ambiance perfect for reading or working. Settle in with a specialty coffee and a delicate financier, and let this quiet haven be your go-to spot for productive afternoons or peaceful contemplation."
169,"Step into the serene world of Inhyangmanri, a traditional Hanok-style tea house in Daeyeon-dong. Its calm, wooden interior offers a peaceful escape, perfect for quiet conversations over aromatic flower and herbal teas. Paired with delicate Korean desserts like yanggaeng, it's an ideal spot for a relaxing date or a cultural experience with family near Kyungsung University."
171,"Tucked away in Millak-dong, 우연한 서점 (Uyeonhan Seojeom) is a cozy independent bookstore and cafe offering a warm, quiet haven for book lovers. Browse the owner's curated selection while sipping coffee, tea, or even a glass of wine. With calm music and unique stationery, it's the perfect cultural space to discover your next favorite read near Millak Waterside Park."
172,"Nestled along Yeongdo's scenic Jeoryeong Coastal Walk, Haebing Moment is a waterfront cafe celebrated for its breathtaking ocean vistas. Sunlight pours through expansive windows, illuminating a bright, modern interior. Enjoy specialty coffee and fresh scones on the rooftop terrace, making it the perfect trendy spot for a memorable date or capturing that perfect Instagram shot amidst stunning scenery."
173,"Discover Sin-gi Coffee, a minimalist haven for true coffee aficionados in Namcheon-dong. This stylish, modern cafe focuses purely on quality, offering expertly crafted drip coffee and flat whites from select single-origin beans. The rich aroma fills the intimate space where professional baristas master their craft, making it the perfect stop near Gwangalli Beach for a truly exceptional cup."
174,"Tucked away near Jangsan Station, Switch is a chic and intimate whisky bar perfect for a special occasion. Bathed in dim, moody lighting, its modern interior sets a sophisticated scene for quiet conversations. Sip on creative cocktails expertly crafted by professional bartenders or explore an extensive whisky selection. Pair your premium spirit with delectable pasta or steak for an unforgettable, classy evening."
175,"Uncork your new favorite vintage at this trendy, pet-friendly wine bar and bottle shop nestled in Millak-dong, near Gwangalli beach. The cozy, aesthetic interior sets the perfect intimate mood for a date night or gathering with friends. Pair an expertly recommended natural wine with delectable baked brie cheese or a classic charcuterie platter for a truly memorable evening in a hip, atmospheric setting."
176,"Escape to a slice of Portugal on Yeongdo's scenic coastal road at Lisboa. This popular spot, known for its stunning ocean views and exotic blue-tiled interior, offers authentic flavors like creamy pastel de nata and savory arroz de marisco. It's the perfect sun-drenched setting for a memorable meal with friends or a romantic date, transporting you straight to the streets of Lisbon."
177,"Tucked away on the third floor near Gwangalli Beach, Sipsipsip is a hip, intimate hidden gem for wine lovers. This cozy spot features a minimalist interior, a curated list of natural wines, and sophisticated small plates like jambon-beurre and burrata cheese. Guided by the knowledgeable owner, it’s the perfect trendy setting for quiet conversations and memorable dates. Reservations are essential for this exclusive experience."
179,"Perched on the second floor above Gwangalli Beach, Bar Oasis offers an unforgettable experience. Sip on expertly crafted classic cocktails or a premium whisky while gazing at the stunning panoramic view of the Gwangandaegyo Bridge. Its romantic, upscale atmosphere and prime window seats make it the perfect, classy destination for a special date night or a memorable late-night drink to impress."
180,"Step into Poster Bar (포스터바), a vintage LP haven tucked away in the trendy Jeonpo neighborhood. Surrounded by classic movie posters in a moody, dark interior, you’ll be treated to an impeccable music selection played on a superb sound system. Sip on expertly crafted cocktails or a classic whisky and let the retro vinyl vibes wash over you—an ideal spot for music lovers."
181,"Escape to Han-jan-ui-pul-nae-eum in Mangmi-dong, a serene sanctuary for tea lovers. This tranquil tea house offers a healing experience with its minimalist, zen atmosphere. Savor premium single-origin teas like matcha and hojicha, expertly explained and paired with exquisite Japanese desserts like the signature terrarium monaka. Reservations are recommended to enjoy this intimate and calming space."
182,"Tucked away on Jeonpo cafe street, Sa, Yeobaek, Chatjan is a sophisticated hidden gem. Its dark, moody interior with modern Korean aesthetics invites deep conversation over premium tea, cocktails, or whiskey. Forget your laptop and immerse yourself in the intimate, quiet atmosphere, making it a perfect sanctuary for a memorable date, solo reflection, or an evening of quiet connection with a friend."
183,"Nestled in the bustling Jeonpo Cafe Street, Neu Alt captivates with its modern, minimalist concrete design. This trendy cafe is a haven for coffee aficionados, offering exquisite specialty brews and rich Vienna coffee. Pair your drink with a divine Basque cheesecake or a zesty lemon cake. Its stylish, photo-worthy ambiance makes it a popular choice for dates and gatherings."
184,"Tucked away in Mangmi-dong, Deep Slow Coffee Bar is a cozy hidden gem beloved by locals. This intimate space, with its warm and simple interior, is perfect for solo visitors or quiet chats. The expert barista focuses purely on exceptional hand-drip and specialty coffee, creating a welcoming haven for any true coffee enthusiast seeking an authentic, high-quality experience at a good value."
185,"Nestled on Jeonpo Cafe Street, Momohu Jeonpo is a beloved Japanese-style dessert cafe bursting with retro charm. This cozy, photo-worthy spot is famous for its smooth custard puddings and colorful fruit sandos. While its popularity means a likely wait, the vibrant atmosphere and delicious, affordable treats like melon soda are a delightful reward for your patience."
186,"Escape to the coast of Spain at Tepas, a cozy tapas bar with stunning views of Gwangalli Beach and the Gwangan Bridge. Under moody lighting, savor authentic dishes like gambas al ajillo and paella, paired perfectly with a glass of wine or sangria. It's the ideal romantic dinner spot, offering a captivating atmosphere for an unforgettable date night by the ocean."
187,"Tucked away near Namcheon Beach, Rain Street is a cozy neighborhood sanctuary for coffee lovers. The warm wood interior and quiet atmosphere create the perfect backdrop for reading or quiet contemplation. Savor meticulously prepared hand-drip specialty coffee paired with a delicious scone, all served with a smile by the friendly staff in this charming and inviting dessert cafe."
189,"Discover Off the Record, a hidden gem LP bar in Gwangalli. Bathed in moody lighting with a stunning view of Gwangan Bridge, it’s the perfect date spot. Sip on whiskey or a classic highball as you request your favorite city pop and jazz tracks on vinyl. The retro vibe and fantastic atmosphere create an unforgettable night of music and romance."
190,"Step into 피코스텐, a cozy dessert haven where authentic French pastry dreams come true. This minimalist, white-interiored cafe specializes in exquisite creations like flaky mille-feuille and rich mont blanc, all crafted from high-quality ingredients. Whether you're staying for a quiet moment or grabbing a popular takeout treat, it's a perfect escape into a world of sophisticated sweetness."
191,"Escape to a European hideaway near Gwangalli at Auvers-sur-Oise. This sun-drenched, photogenic cafe is an Instagrammer's dream, adorned with vintage interiors and antique furniture. Indulge in their signature cream coffee and beautifully plated desserts like freshly baked scones and pound cake. It's the perfect, timeless spot to capture stunning photos while enjoying a moment of elegant sweetness."
192,"Discover a petite French dream on Busan's trendy Jeonpo Cafe Street at Toi et Moi. This cozy, vintage-inspired dessert haven specializes in exquisite creations like delicate crepes and picture-perfect parfaits, often featuring seasonal fruits. Its cute, Instagrammable interior provides a charming backdrop for a sweet escape, making it a popular spot for photos and indulgent treats."
193,"Discover Mauve, a hip cafe in the trendy Jeonpo district where minimalist, industrial design meets artistic flair. This photogenic spot is a haven for coffee lovers, offering exceptional specialty filter coffee. Indulge your senses with unique desserts like the signature black sesame financier or the delightful corn crumble. It's the perfect backdrop for your next caffeine fix and creative inspiration."
194,"Discover Standard Bread, a popular bakery cafe conveniently located near Haeundae station. This spacious spot with a modern interior is perfect for working or enjoying a leisurely brunch. Indulge in artisanal sourdough, flaky croissants, and savory sandwiches, all freshly prepared. It's the ideal destination for a delicious breakfast, pairing exquisite pastries with freshly brewed coffee for a perfect start to your day in Busan."
195,"Nestled on Busan's trendy Jeonpo Cafe Street, Motiver is a stylish haven for dessert connoisseurs. Its modern, photogenic interior creates a cozy, quiet atmosphere perfect for a date. Famous for its delectable tiramisu and rich Einspänner coffee, this popular spot offers a chic escape where every corner is a photo opportunity, embodying the contemporary pulse of the city."
196,"Escape to Morning Bear Osiria, a bright and spacious brunch cafe near Lotte World Busan. With its stunning ocean views and modern interior, it's the perfect backdrop for savoring fresh bakery bread, hearty sandwiches, and aromatic coffee. Ideal for family outings or a charming date, this popular spot offers a clean, welcoming atmosphere and convenient parking for a truly delightful experience."
197,"Steps from the beautiful Gwangalli Beach, Daniel’s offers a modern and cozy brunch experience ideal for a romantic date. Enjoy beautifully crafted brunch plates, pasta, and French toast on their lovely outdoor terrace. This popular, pet-friendly cafe is the perfect spot to relax with a great coffee and your four-legged friend after a walk on the sand."
198,"Join the lively queue at Saseong Busok-gui, a local favorite famed for its incredible value and casual atmosphere. This bustling spot specializes in affordable Korean BBQ, featuring unique pork cuts like skirt meat and savory offal. It's the perfect place for a late-night dinner with soju, where the animated chatter of groups confirms you’ve found an authentic Seomyeon gem."
199,"Step back in time at Yongine Dwitgogi, a beloved local haunt buzzing with a loud, retro atmosphere. Be prepared for a wait, as this spot is always crowded with friends sharing incredibly affordable dwitgogi (special pork cuts). The lively, nostalgic vibe is the perfect backdrop for sizzling pork, kimchi stew, and soju, offering an authentic, high-energy Korean BBQ experience worth the queue."
200,"Step into a local favorite at Nuguna Odolppyeogui, a hidden gem with a nostalgic vibe. This old-school spot is famous for its fiery, grilled pork cartilage (odolppyeo), best enjoyed late at night with a bottle of soju. For an affordable and authentic taste of Busan, pair your spicy pork with jumeokbap and fluffy steamed egg in this cozy, beloved eatery."
201,"Tucked away in the bustling Gukje Market, Dolgorae Sundubu is a legendary local favorite, famous for its incredibly affordable and delicious soft tofu stew. This old, always-crowded restaurant offers a simple menu and quick service, making it the perfect spot for a satisfying solo meal. Don't miss their iconic sundubu-jjigae for a true taste of Busan's culinary history."
202,"Discover Gupo Guksu Daeyeon Branch, a beloved local favorite for authentic Korean noodles. This clean, casual spot is perfect for a quick and affordable lunch. Savor a simple yet satisfying meal of their famous jan-chi guksu or spicy bibim guksu, paired with handmade mandu. It's a popular choice for families and anyone craving a delicious, no-fuss dining experience."
203,"Discover Hey, Plot, a chic and spacious destination on Busan's trendy Jeonpo Cafe Street. With its stylish, modern interior and breezy rooftop, this photogenic spot is perfect for dates or group gatherings. Indulge in decadent cakes, pastries, and their signature Einspänner coffee. It's the ideal urban escape for dessert lovers seeking a memorable and stylish experience in the heart of the city."
204,"Discover Nuhouse, a hidden gem nestled on Busan's famed Jeonpo Cafe Street. This stylish dessert cafe captivates with its unique, artistic interior and distinct vintage vibe, creating a perfectly photogenic backdrop. Indulge in exquisite financiers and madeleines while savoring the quiet, intimate atmosphere that makes it the ideal spot for a memorable date or a peaceful coffee escape."
205,"Tucked away on the second floor of Jeonpo Cafe Street, Meumeu is a cozy haven renowned for its dessert artistry. Indulge in their famously fluffy soufflé pancakes, available in unique corn or classic strawberry flavors. The warm, wood-toned interior, bathed in natural light, offers an irresistibly instagrammable backdrop, making this popular spot perfect for a sweet date or a chat with friends."
207,"Discover Super Matcha, a modern matcha bar nestled within Shinsegae Centum City. As matcha specialists, they serve premium, ceremonial grade matcha in lattes and rich ice cream. Perfect for a quick, healthy boost, this popular grab-and-go spot offers delicious dairy-free options with oat milk. It's the ultimate urban oasis for true matcha lovers seeking quality and convenience while shopping."
208,"Escape to 심미안, a stunning ocean-view cafe nestled in Cheongsapo. Sunlight floods through large windows, illuminating a bright, modern interior perfect for that Instagram-worthy shot. Unwind on the spacious rooftop, savoring a signature einspänner and a slice of pound cake while gazing at the serene coastal scenery. Its relaxing atmosphere makes it an ideal spot for a peaceful date near the Cheongsapo observatory."
209,"Tucked away on the second floor of Jeonpo's vibrant cafe street, Dondu Coffee is a hidden gem for true connoisseurs. Sip on exquisite specialty filter coffee or their signature cream latte while sinking into the cozy, mid-century modern interior. With stylish decor, a curated vinyl soundtrack, and delicious Basque cheesecake, this spot offers a uniquely hip and unforgettable vibe."
210,"Tucked away on the third floor in bustling Jeonpo, Suseong Coffee 2023 is a true hidden gem for serious coffee lovers. Its minimalist interior, a blend of clean white and warm wood, creates a calm, quiet atmosphere perfect for concentrating. Ascend to this cozy, modern escape to savor exceptional specialty filter coffee and find your focus in a serene, beautifully designed space."
211,"Discover Kanto, a sprawling multi-story bakery cafe on Jeonpo Cafe Street. Its modern, industrial concrete design provides a spacious setting perfect for groups. Ascend to the rooftop to capture breathtaking city views, an ideal photo spot. With a vast selection of exquisite cakes and pastries, this popular destination is an essential, instagrammable stop for any dessert lover in Busan."
212,"Embrace the moody sophistication of Charcol, a minimalist coffee bar in Jeonpo with a distinctive all-black, charcoal-inspired concept. This chic espresso bar focuses on expertly prepared specialty coffee, from nuanced drip brews to its famous signature cream latte. It’s a modern, atmospheric destination for those who appreciate design and a truly exceptional cup."
